year,week,start_date,temp_mean,rainfall_total,humidity_mean,dengue_cases
2019,33,2019-08-21,27.49,138.5,89.57,1616
2019,34,2019-08-25,28.49,32.8,85.43,5521
2019,35,2019-09-01,29.14,12.1,82.71,7583
2019,36,2019-09-08,28.54,28.9,83.86,5451
2019,37,2019-09-15,27.73,71.3,88.71,4710
2019,38,2019-09-22,29.16,40.2,83.29,3586
2019,39,2019-09-29,26.29,52.1,88.29,2838
2019,40,2019-10-06,26.77,55.8,88.86,2325
2019,41,2019-10-13,26.34,33.6,87.29,1840
2019,42,2019-10-20,27.34,4.6,81.14,1866
2019,43,2019-10-27,25.23,80.8,88,1427
2019,44,2019-11-03,24.7,0.2,81.86,1544
2019,45,2019-11-10,24.34,98,85.29,1151
2019,46,2019-11-17,23.77,0.1,83,990
2019,47,2019-11-24,22.21,0,81,760
2019,48,2019-12-01,22.14,0,84.14,651
2019,49,2019-12-08,20.26,0,77.43,474
2019,50,2019-12-15,20,0.6,78.43,327
2019,51,2019-12-22,16.84,0,83.43,207
2019,52,2019-12-29,16.26,3.8,83.86,124
2020,1,2020-01-05,17.86,15.8,84.29,84
2020,2,2020-01-12,16.37,0.5,82.86,71
2020,3,2020-01-19,18.19,0,82.29,25
2020,4,2020-01-26,16.16,6.5,79.57,19
2020,5,2020-02-02,17.26,2.6,77.43,18
2020,6,2020-02-09,17.8,0,66.71,0
2020,7,2020-02-16,19.11,0,68.14,0
2020,8,2020-02-23,21.43,0,67.86,0
2020,9,2020-03-01,21.09,7.8,74.43,0
2020,10,2020-03-08,22.71,33.7,79.29,0
2020,11,2020-03-15,24.64,0,60.71,0
2020,12,2020-03-22,25.14,1.5,58.29,0
2020,13,2020-03-29,27.16,0.1,58.86,0
2020,14,2020-04-05,28.11,1.9,63.57,0
2020,15,2020-04-12,28.79,1,66.86,0
2020,16,2020-04-19,28.13,43.8,75.57,0
2020,17,2020-04-26,25.31,81.4,86.14,0
2020,18,2020-05-03,25.31,75.6,87,0
2020,19,2020-05-10,27.64,23.5,83,0
2020,20,2020-05-17,28.99,24,80.43,0
2020,21,2020-05-24,28.24,50,81.43,0
2020,22,2020-05-31,27.79,104.6,82.86,0
2020,23,2020-06-07,28.39,57.9,87,0
2020,24,2020-06-14,28.23,74.6,88,0
2020,25,2020-06-21,27.44,142.1,90.57,0
2020,26,2020-06-28,28.56,74.2,86.29,0
2020,27,2020-07-05,28.49,51.2,86.86,0
2020,28,2020-07-12,28.07,120.4,88.86,0
2020,29,2020-07-19,28.41,41.3,86.71,0
2020,30,2020-07-26,27.86,83,88.57,0
2020,31,2020-08-02,28.99,52.9,86.43,0
2020,32,2020-08-09,29,56.4,85.57,0
2020,33,2020-08-16,28.66,41.2,84.86,0
2020,34,2020-08-23,26.84,156.5,90.43,0
2020,35,2020-08-30,28.26,31.4,85.86,0
2020,36,2020-09-06,28.86,66.7,84.29,0
2020,37,2020-09-13,28.67,59.6,86.43,0
2020,38,2020-09-20,28.89,44.1,85.86,0
2020,39,2020-09-27,27.31,128.8,90.14,0
2020,40,2020-10-04,28.19,39.1,87.71,0
2020,41,2020-10-11,28.53,36.4,86.43,0
2020,42,2020-10-18,29.01,10.6,84,0
2020,43,2020-10-25,26.53,179.5,88.43,0
2020,44,2020-11-01,26.94,17.7,83.43,0
2020,45,2020-11-08,24.19,3.5,80,0
2020,46,2020-11-15,24.09,0,76.43,0
2020,47,2020-11-22,23.24,11.3,78.57,0
2020,48,2020-11-29,20.63,0,73.43,0
2020,49,2020-12-06,21.14,0,73.71,0
2020,50,2020-12-13,19.86,0,82.71,0
2020,51,2020-12-20,17.93,0,78.14,0
2020,52,2020-12-27,16.81,0,80.71,0
2020,53,2021-01-03,17.26,0,77.43,0
2021,1,2021-01-10,20.36,0,75.71,0
2021,2,2021-01-17,18.57,0.4,73.14,0
2021,3,2021-01-24,17.8,2.8,78.14,0
2021,4,2021-01-31,16.26,0,79,0
2021,5,2021-02-07,17.14,0.1,74.43,2
2021,6,2021-02-14,19.34,0,68.86,0
2021,7,2021-02-21,21.91,0,66,0
2021,8,2021-02-28,24.1,0,64.29,0
2021,9,2021-03-07,25.64,0.7,64.71,0
2021,10,2021-03-14,26.34,0.9,71.29,0
2021,11,2021-03-21,26.61,0,55,0
2021,12,2021-03-28,28.71,0,47.43,0
2021,13,2021-04-04,29.3,1.7,65.43,0
2021,14,2021-04-11,28.64,2.4,62.43,0
2021,15,2021-04-18,29.6,1.3,65.86,0
2021,16,2021-04-25,29.93,8.3,62.43,0
2021,17,2021-05-02,31.16,1.1,59.14,0
2021,18,2021-05-09,27.26,36.9,80,0
2021,19,2021-05-16,27.69,72.6,82.86,0
2021,20,2021-05-23,30.5,20.8,77,0
2021,21,2021-05-30,29.14,42.9,79.86,0
2021,22,2021-06-06,28.3,131.7,87.71,0
2021,23,2021-06-13,27.96,74.8,87.71,0
2021,24,2021-06-20,26.56,178.7,90.71,0
2021,25,2021-06-27,27.97,30,86.71,0
2021,26,2021-07-04,27.81,112.1,89.14,0
2021,27,2021-07-11,28.47,48.2,85.71,0
2021,28,2021-07-18,28.86,35.9,83.86,0
2021,29,2021-07-25,28.07,123.1,87,0
2021,30,2021-08-01,27.53,136.2,89.43,0
2021,31,2021-08-08,27.9,88.5,88.14,0
2021,32,2021-08-15,28.5,51.2,88.14,0
2021,33,2021-08-22,27.37,44,88.71,0
2021,34,2021-08-29,28.34,62.5,87.29,0
2021,35,2021-09-05,28.59,43.2,85.57,0
2021,36,2021-09-12,28.66,48.6,83.71,0
2021,37,2021-09-19,27.46,80.3,88.57,0
2021,38,2021-09-26,27.74,40.6,87.29,0
2021,39,2021-10-03,28.1,26.5,84.71,0
2021,40,2021-10-10,28.06,46.8,87.43,0
2021,41,2021-10-17,29.27,27.7,81.71,0
2021,42,2021-10-24,25.93,72.7,85.14,0
2021,43,2021-10-31,26.07,0.7,75.86,0
2021,44,2021-11-07,23.06,0,72.29,0
2021,45,2021-11-14,22.74,35.2,76,0
2021,46,2021-11-21,22.06,6.2,78.86,0
2021,47,2021-11-28,21.97,0,76.43,0
2021,48,2021-12-05,21.16,52.6,76.57,0
2021,49,2021-12-12,21.06,87.4,83.86,0
2021,50,2021-12-19,17.83,0,81.29,218
2021,51,2021-12-26,17.54,0,79.43,180
2021,52,2022-01-02,18.09,0.8,79.86,87
2022,1,2022-01-09,17.6,0,83.71,56
2022,2,2022-01-16,18.9,4.1,79.43,31
2022,3,2022-01-23,17.27,0.4,81.71,16
2022,4,2022-01-30,16.7,11.3,79.14,5
2022,5,2022-02-06,17.56,18.8,81.71,8
2022,6,2022-02-13,17,0.5,78.71,6
2022,7,2022-02-20,17.9,6.2,72,3
2022,8,2022-02-27,21.2,2.8,74,3
2022,9,2022-03-06,22.61,0.1,68.43,4
2022,10,2022-03-13,23.81,0,63.86,4
2022,11,2022-03-20,26.4,0,61,1
2022,12,2022-03-27,28,7.9,71.57,5
2022,13,2022-04-03,28.2,7.6,76.29,8
2022,14,2022-04-10,29.06,6.1,71.71,3
2022,15,2022-04-17,28.87,27,78.29,6
2022,16,2022-04-24,27.13,56.9,84.71,6
2022,17,2022-05-01,29.19,15.2,79.14,6
2022,18,2022-05-08,26.71,32.8,83.29,7
2022,19,2022-05-15,27.79,74.2,84.86,8
2022,20,2022-05-22,29.07,51.4,81.57,45
2022,21,2022-05-29,27.87,33.5,84.57,71
2022,22,2022-06-05,28.16,31.4,84.43,106
2022,23,2022-06-12,29.04,42,82.14,145
2022,24,2022-06-19,27.79,196,87.43,182
2022,25,2022-06-26,27.74,42.1,84,198
2022,26,2022-07-03,28.09,66.5,85.29,250
2022,27,2022-07-10,29.04,14,81.14,195
2022,28,2022-07-17,29.77,19.9,76.29,326
2022,29,2022-07-24,28.79,49.1,82.57,423
2022,30,2022-07-31,28.61,30.5,84,514
2022,31,2022-08-07,28.93,62.4,83.29,524
2022,32,2022-08-14,28.26,23.4,80.29,575
2022,33,2022-08-21,29.21,27.7,80.29,721
2022,34,2022-08-28,28.64,35.2,81.71,1012
2022,35,2022-09-04,29.11,39.3,81.29,1413
2022,36,2022-09-11,28.43,69.4,86,1845
2022,37,2022-09-18,26.41,202.6,90.57,2426
2022,38,2022-09-25,28.14,39.4,83.14,2703
2022,39,2022-10-02,28.19,96.2,86.57,3415
2022,40,2022-10-09,27.57,70.5,85,3274
2022,41,2022-10-16,27.16,30.4,84.43,4612
2022,42,2022-10-23,26.74,11.8,78.71,5882
2022,43,2022-10-30,24.17,126.9,81.29,5804
2022,44,2022-11-06,24.89,0.4,78.29,5956
2022,45,2022-11-13,23.59,0,73.29,5422
2022,46,2022-11-20,21.99,0,75.29,4267
2022,47,2022-11-27,21.37,0,74.43,3323
2022,48,2022-12-04,22,0,71.14,2489
2022,49,2022-12-11,20.21,0,75,1679
2022,50,2022-12-18,19.36,0,77.57,1110
2022,51,2022-12-25,18.59,0,78.86,613
2022,52,2023-01-01,18.17,4.1,82.57,402
2023,1,2023-01-08,16.51,0,85.14,228
2023,2,2023-01-15,17.3,2.8,83.29,109
2023,3,2023-01-22,16.69,0,76.57,75
2023,4,2023-01-29,20.01,0,80.43,63
2023,5,2023-02-05,18.77,0,78.43,48
2023,6,2023-02-12,21.29,0.9,74.86,65
2023,7,2023-02-19,20.44,0.7,63.29,33
2023,8,2023-02-26,24.27,2.5,71.14,32
2023,9,2023-03-05,24.64,0,57.71,31
2023,10,2023-03-12,25.59,0,52.43,24
2023,11,2023-03-19,24.73,14.2,69.71,25
2023,12,2023-03-26,23.64,33.1,82.43,18
2023,13,2023-04-02,24.94,40.7,82.29,25
2023,14,2023-04-09,27.14,3.9,70.71,29
2023,15,2023-04-16,30.61,0,55,29
2023,16,2023-04-23,29,53.7,76.57,13
2023,17,2023-04-30,28.33,1.1,66.14,65
2023,18,2023-05-07,28.31,22.1,72.86,103
2023,19,2023-05-14,31.09,1.4,59.86,154
2023,20,2023-05-21,28.53,101.3,77.29,204
2023,21,2023-05-28,27.71,77.6,82.57,324
2023,22,2023-06-04,30.83,4.2,71.86,605
2023,23,2023-06-11,30.51,36.5,75.71,834
2023,24,2023-06-18,30.73,94.7,78.86,1698
2023,25,2023-06-25,29.21,64.6,80.86,2330
2023,26,2023-07-02,27.56,155.1,88.71,1519
2023,27,2023-07-09,28.87,39.8,84,4197
2023,28,2023-07-16,28.57,39.7,83.57,7924
2023,29,2023-07-23,29.73,17.2,78.71,12099
2023,30,2023-07-30,30.03,22.4,77.14,16161
2023,31,2023-08-06,28.7,116.8,85.57,17594
2023,32,2023-08-13,27.71,193.6,89.57,18679
2023,33,2023-08-20,29.14,27.2,83.57,14583
2023,34,2023-08-27,28.04,82.6,86.29,14517
2023,35,2023-09-03,29.44,16.7,83.43,18118
2023,36,2023-09-10,29.01,46.2,83.71,20634
2023,37,2023-09-17,28.89,50.5,84.14,22349
2023,38,2023-09-24,27.34,85.2,88.29,23163
2023,39,2023-10-01,28.94,48.9,83.43,18563
2023,40,2023-10-08,26.99,168.4,89,17276
2023,41,2023-10-15,27.64,7,81.57,16050
2023,42,2023-10-22,26.61,0,74,15432
2023,43,2023-10-29,25.91,1.8,76.43,12634
2023,44,2023-11-05,26.34,0,70.86,12224
2023,45,2023-11-12,23.91,0,70.71,11928
2023,46,2023-11-19,23.59,134.5,77.57,9423
2023,47,2023-11-26,22.24,0,76.29,6912
2023,48,2023-12-03,22.87,0,77.29,5539
2023,49,2023-12-10,21.2,51.5,83.43,3526
2023,50,2023-12-17,18.21,0,79.71,2004
2023,51,2023-12-24,18.9,0,81.14,1824
2023,52,2023-12-31,19.84,0,79.86,719
2024,1,2024-01-07,17.83,0,83.43,375
2024,2,2024-01-14,16.39,0,85.57,292
2024,3,2024-01-21,15.79,0.9,83.71,183
2024,4,2024-01-28,15.77,0.9,80.43,153
2024,5,2024-02-04,18.56,3.8,77.57,115
2024,6,2024-02-11,18.63,0.2,73.29,103
2024,7,2024-02-18,20.77,1,70,54
2024,8,2024-02-25,22.1,14.8,77.86,72
2024,9,2024-03-03,21.86,0,63,67
2024,10,2024-03-10,22.47,1.1,59.57,67
2024,11,2024-03-17,25.33,1.9,66.86,62
2024,12,2024-03-24,24.24,17.4,74.43,85
2024,13,2024-03-31,26.36,43,80.57,74
2024,14,2024-04-07,30.23,8.1,69.86,64
2024,15,2024-04-14,28.41,0,63,62
2024,16,2024-04-21,30.83,2.2,66.86,172
2024,17,2024-04-28,32.1,1.9,63.14,154
2024,18,2024-05-05,31.3,43.3,69.29,131
2024,19,2024-05-12,27.31,35.6,78,172
2024,20,2024-05-19,31.2,5.6,67.57,168
2024,21,2024-05-26,30.66,22.2,72.43,145
2024,22,2024-06-02,29.77,220.3,82.86,130
2024,23,2024-06-09,30.09,51,81.86,187
2024,24,2024-06-16,30.6,22.4,79,155
2024,25,2024-06-23,29.06,69.8,84,174
2024,26,2024-06-30,29.11,57.1,83.57,266
2024,27,2024-07-07,27.77,103.2,87.86,327
2024,28,2024-07-14,28.64,33.1,84,588
2024,29,2024-07-21,29.63,21.8,79.71,402
2024,30,2024-07-28,29.09,36.9,81.71,955
2024,31,2024-08-04,27.56,176.2,87.71,1194
2024,32,2024-08-11,27.67,64.1,85.71,1007
2024,33,2024-08-18,28.16,58.4,85.29,1582
2024,34,2024-08-25,26.49,192.8,91.14,1727
2024,35,2024-09-01,28.07,42.6,84.43,2041
2024,36,2024-09-08,28.79,27.6,84.57,2351
2024,37,2024-09-15,28.06,126.7,85.14,3405
2024,38,2024-09-22,29.77,27,81.29,4959
2024,39,2024-09-29,27.71,74,87.86,5752
2024,40,2024-10-06,27.19,188.3,90,6806
2024,41,2024-10-13,27.16,57.4,87.86,5878
2024,42,2024-10-20,26.9,29.2,83.57,7410
2024,43,2024-10-27,26.6,25.6,83.57,7031
2024,44,2024-11-03,26.96,4.6,80.57,7560
2024,45,2024-11-10,25.31,2.2,75.29,7922
2024,46,2024-11-17,24.47,0,69.43,7586
2024,47,2024-11-24,22.37,0,70.14,6806
2024,48,2024-12-01,22.46,0.2,71,5560
2024,49,2024-12-08,20.71,0.1,68.71,3877
2024,50,2024-12-15,18.5,0,76.14,2649
2024,51,2024-12-22,18.94,0.8,77.29,1317
2024,52,2024-12-29,19.47,0,72.29,822
2025,1,2025-01-05,18.64,0,80.43,485
2025,2,2025-01-12,18.51,0,76.43,343
2025,3,2025-01-19,19.49,0,72.57,247
2025,4,2025-01-26,18.99,0,74.71,177
2025,5,2025-02-02,20.5,1.3,76.43,133
2025,6,2025-02-09,20.4,0,67.86,125
2025,7,2025-02-16,21.74,0.6,68.29,111
2025,8,2025-02-23,23.74,9.2,70.29,86
2025,9,2025-03-02,24.71,4,60.29,62
2025,10,2025-03-09,24.9,0,52.57,70
2025,11,2025-03-16,27.9,3.4,61.71,113
2025,12,2025-03-23,26.66,7.9,65.14,86
2025,13,2025-03-30,28.2,0.2,57.29,46
2025,14,2025-04-06,29.66,2,63.43,83
2025,15,2025-04-13,28.71,13.2,65.86,146
2025,16,2025-04-20,27.13,47.5,75.71,176
2025,17,2025-04-27,29.6,15.1,79.14,213
2025,18,2025-05-04,26.17,43.1,80.71,218
2025,19,2025-05-11,30.5,4.7,66,279
2025,20,2025-05-18,29.29,53.3,79,466
2025,21,2025-05-25,27.79,50.7,85.86,520
2025,22,2025-06-01,27.69,169.2,88.43,520
2025,23,2025-06-08,28.26,34.2,86,457
2025,24,2025-06-15,29.84,29.3,80,1039
2025,25,2025-06-22,27.96,88.7,87.43,1770
2025,26,2025-06-29,28.49,70.9,84.14,2107
2025,27,2025-07-06,28.01,50.6,85.71,2404
2025,28,2025-07-13,27.27,124.5,90.14,2609
2025,29,2025-07-20,28.24,64.3,86.86,2338
2025,30,2025-07-27,29.11,48.1,84.86,2311
2025,31,2025-08-03,27.79,101.3,88.57,2550
2025,32,2025-08-10,27.79,71.6,87,2856
2025,33,2025-08-17,28.57,43,85.14,2195
2025,34,2025-08-24,27.51,47.1,86.29,2272
2025,35,2025-08-31,28.16,48.9,86.43,2844
2025,36,2025-09-07,29.19,28.5,81.29,2935
2025,37,2025-09-14,28.46,61,86.14,3480
2025,38,2025-09-21,27.63,49.5,89.29,4625
2025,39,2025-09-28,28.39,54.9,86.29,4220
2025,40,2025-10-05,27.53,97,88,3852
2025,41,2025-10-12,26.67,54,89,4652
2025,42,2025-10-19,28.03,0.9,77.57,5290
2025,43,2025-10-26,28.51,0.4,73,5591
2025,44,2025-11-02,27.86,11.5,80,6235
2025,45,2025-11-09,26.04,5.3,78.43,6868
2025,46,2025-11-16,23.44,0,68,6454
2025,47,2025-11-23,23.31,0,66.86,5262
2025,48,2025-11-30,21.87,0,68,4138
2025,49,2025-12-07,20.74,0,70.43,3432
2025,50,2025-12-14,20.43,0,69.86,2648
2025,51,2025-12-21,21.21,0,67.71,1314
2025,52,2025-12-28,18.23,0,75.71,771
2026,1,2026-01-04,15.71,0,80.57,560
2026,2,2026-01-11,16.63,0,76.86,316
2026,3,2026-01-18,19.27,0,68.86,203
2026,4,2026-01-25,19.97,0,64.29,179
2026,5,2026-02-01,20.21,0,67.86,136
2026,6,2026-02-08,20.23,0,65.14,108
2026,7,2026-02-15,21.07,0,59.57,106
2026,8,2026-02-22,23.63,0,56,123
2026,9,2026-03-01,23.69,0.1,60.86,68
2026,10,2026-03-08,24.7,0.2,66.71,71
2026,11,2026-03-15,25.59,23.4,78,83
2026,12,2026-03-22,23.81,35.5,77,49
2026,13,2026-03-29,25.39,14.6,72.86,90
2026,14,2026-04-05,27.77,12.9,78.14,147
2026,15,2026-04-12,25.96,21.2,73.43,131
2026,16,2026-04-19,28.89,17.4,76.86,177
2026,17,2026-04-26,29.93,6.8,75.14,155
2026,18,2026-05-03,24.75,68,86.75,116
2026,19,2026-05-10,29.45,42.8,80.12,169
2026,20,2026-05-17,28.9,65.4,82.35,215
2026,21,2026-05-24,30.12,38,79.5,167
2026,22,2026-05-31,29.8,85.2,84.1,127
2026,23,2026-06-07,28.65,112.5,86.4,514
2026,24,2026-06-14,29.1,98.4,85.2,490
2026,25,2026-06-21,28.75,145,88.1,699
2026,26,2026-06-28,28.3,130.6,87.5,900
2026,27,2026-07-05,29.2,115.8,86.8,1071
2026,28,2026-07-12,28.5,160.2,89.2,1452
2026,29,2026-07-19,28.85,125.4,87.9,2162
2026,30,2026-07-26,29.05,108,86.3,2613
2026,31,2026-08-02,28.6,142.5,88.5,3006
2026,32,2026-08-09,29.3,95,85.1,3241
2026,33,2026-08-16,28.95,118.4,87.2,4633
2026,34,2026-08-23,29.15,88.6,84.8,4951
2026,35,2026-08-30,29.4,72,83.5,5754
2026,36,2026-09-06,29.25,68.5,82.9,7907
2026,37,2026-09-13,28.95,44.15,77.02,9247
2026,38,2026-09-20,28.8,52.3,78.4,10135
2026,39,2026-09-27,28.5,38.6,76.8,11722