fold,actual,pred,persist,model
2023,402,612.9999999999999,612.9999999999999,Persistence
2023,228,401.99999999999983,401.99999999999983,Persistence
2023,109,228.00000000000006,228.00000000000006,Persistence
2023,75,109.00000000000004,109.00000000000004,Persistence
2023,63,75.0,75.0,Persistence
2023,48,62.99999999999998,62.99999999999998,Persistence
2023,65,47.99999999999999,47.99999999999999,Persistence
2023,33,64.99999999999997,64.99999999999997,Persistence
2023,32,33.00000000000001,33.00000000000001,Persistence
2023,31,32.0,32.0,Persistence
2023,24,31.0,31.0,Persistence
2023,25,23.999999999999996,23.999999999999996,Persistence
2023,18,25.000000000000004,25.000000000000004,Persistence
2023,25,17.999999999999996,17.999999999999996,Persistence
2023,29,25.000000000000004,25.000000000000004,Persistence
2023,29,29.000000000000004,29.000000000000004,Persistence
2023,13,29.000000000000004,29.000000000000004,Persistence
2023,65,12.999999999999996,12.999999999999996,Persistence
2023,103,64.99999999999997,64.99999999999997,Persistence
2023,154,102.99999999999999,102.99999999999999,Persistence
2023,204,154.00000000000003,154.00000000000003,Persistence
2023,324,204.00000000000006,204.00000000000006,Persistence
2023,605,323.99999999999994,323.99999999999994,Persistence
2023,834,604.9999999999999,604.9999999999999,Persistence
2023,1698,833.9999999999997,833.9999999999997,Persistence
2023,2330,1698.0000000000007,1698.0000000000007,Persistence
2023,1519,2330.0000000000005,2330.0000000000005,Persistence
2023,4197,1519.0000000000005,1519.0000000000005,Persistence
2023,7924,4197.000000000001,4197.000000000001,Persistence
2023,12099,7924.0,7924.0,Persistence
2023,16161,12099.00000000001,12099.00000000001,Persistence
2023,17594,16161.000000000004,16161.000000000004,Persistence
2023,18679,17594.000000000015,17594.000000000015,Persistence
2023,14583,18678.999999999993,18678.999999999993,Persistence
2023,14517,14583.000000000004,14583.000000000004,Persistence
2023,18118,14517.000000000005,14517.000000000005,Persistence
2023,20634,18118.0,18118.0,Persistence
2023,22349,20633.99999999999,20633.99999999999,Persistence
2023,23163,22349.000000000015,22349.000000000015,Persistence
2023,18563,23162.99999999999,23162.99999999999,Persistence
2023,17276,18563.000000000004,18563.000000000004,Persistence
2023,16050,17276.000000000015,17276.000000000015,Persistence
2023,15432,16050.000000000015,16050.000000000015,Persistence
2023,12634,15431.999999999989,15431.999999999989,Persistence
2023,12224,12634.00000000001,12634.00000000001,Persistence
2023,11928,12224.000000000007,12224.000000000007,Persistence
2023,9423,11928.0,11928.0,Persistence
2023,6912,9422.999999999993,9422.999999999993,Persistence
2023,5539,6911.9999999999945,6911.9999999999945,Persistence
2023,3526,5539.000000000002,5539.000000000002,Persistence
2023,2004,3526.0000000000023,3526.0000000000023,Persistence
2023,1824,2004.0000000000005,2004.0000000000005,Persistence
2023,719,1824.0000000000002,1824.0000000000002,Persistence
2024,375,719.0000000000001,719.0000000000001,Persistence
2024,292,375.00000000000006,375.00000000000006,Persistence
2024,183,292.0000000000001,292.0000000000001,Persistence
2024,153,183.00000000000006,183.00000000000006,Persistence
2024,115,153.00000000000006,153.00000000000006,Persistence
2024,103,114.99999999999999,114.99999999999999,Persistence
2024,54,102.99999999999999,102.99999999999999,Persistence
2024,72,54.000000000000014,54.000000000000014,Persistence
2024,67,71.99999999999999,71.99999999999999,Persistence
2024,67,67.00000000000001,67.00000000000001,Persistence
2024,62,67.00000000000001,67.00000000000001,Persistence
2024,85,61.99999999999999,61.99999999999999,Persistence
2024,74,84.99999999999997,84.99999999999997,Persistence
2024,64,73.99999999999997,73.99999999999997,Persistence
2024,62,63.99999999999998,63.99999999999998,Persistence
2024,172,61.99999999999999,61.99999999999999,Persistence
2024,154,172.00000000000006,172.00000000000006,Persistence
2024,131,154.00000000000003,154.00000000000003,Persistence
2024,172,130.99999999999997,130.99999999999997,Persistence
2024,168,172.00000000000006,172.00000000000006,Persistence
2024,145,168.0,168.0,Persistence
2024,130,145.0,145.0,Persistence
2024,187,129.99999999999994,129.99999999999994,Persistence
2024,155,187.0,187.0,Persistence
2024,174,155.0,155.0,Persistence
2024,266,174.00000000000009,174.00000000000009,Persistence
2024,327,266.00000000000006,266.00000000000006,Persistence
2024,588,327.0000000000001,327.0000000000001,Persistence
2024,402,587.9999999999999,587.9999999999999,Persistence
2024,955,401.99999999999983,401.99999999999983,Persistence
2024,1194,954.9999999999997,954.9999999999997,Persistence
2024,1007,1193.9999999999995,1193.9999999999995,Persistence
2024,1582,1007.0000000000002,1007.0000000000002,Persistence
2024,1727,1582.0000000000002,1582.0000000000002,Persistence
2024,2041,1726.9999999999995,1726.9999999999995,Persistence
2024,2351,2040.9999999999995,2040.9999999999995,Persistence
2024,3405,2351.0,2351.0,Persistence
2024,4959,3404.9999999999977,3404.9999999999977,Persistence
2024,5752,4959.000000000003,4959.000000000003,Persistence
2024,6806,5751.999999999997,5751.999999999997,Persistence
2024,5878,6805.999999999999,6805.999999999999,Persistence
2024,7410,5878.0,5878.0,Persistence
2024,7031,7410.000000000001,7410.000000000001,Persistence
2024,7560,7030.999999999994,7030.999999999994,Persistence
2024,7922,7559.999999999996,7559.999999999996,Persistence
2024,7586,7922.0000000000055,7922.0000000000055,Persistence
2024,6806,7585.999999999997,7585.999999999997,Persistence
2024,5560,6805.999999999999,6805.999999999999,Persistence
2024,3877,5559.999999999995,5559.999999999995,Persistence
2024,2649,3876.9999999999977,3876.9999999999977,Persistence
2024,1317,2649.0,2649.0,Persistence
2024,822,1317.0,1317.0,Persistence
2025,485,822.0,822.0,Persistence
2025,343,484.99999999999994,484.99999999999994,Persistence
2025,247,342.99999999999994,342.99999999999994,Persistence
2025,177,247.00000000000009,247.00000000000009,Persistence
2025,133,176.99999999999997,176.99999999999997,Persistence
2025,125,132.99999999999997,132.99999999999997,Persistence
2025,111,125.0,125.0,Persistence
2025,86,110.99999999999996,110.99999999999996,Persistence
2025,62,86.0,86.0,Persistence
2025,70,61.99999999999999,61.99999999999999,Persistence
2025,113,70.0,70.0,Persistence
2025,86,113.00000000000003,113.00000000000003,Persistence
2025,46,86.0,86.0,Persistence
2025,83,45.99999999999999,45.99999999999999,Persistence
2025,146,82.99999999999999,82.99999999999999,Persistence
2025,176,145.99999999999997,145.99999999999997,Persistence
2025,213,175.99999999999994,175.99999999999994,Persistence
2025,218,212.99999999999994,212.99999999999994,Persistence
2025,279,218.00000000000003,218.00000000000003,Persistence
2025,466,278.9999999999999,278.9999999999999,Persistence
2025,520,466.00000000000006,466.00000000000006,Persistence
2025,520,520.0,520.0,Persistence
2025,457,520.0,520.0,Persistence
2025,1039,457.00000000000017,457.00000000000017,Persistence
2025,1770,1039.0,1039.0,Persistence
2025,2107,1770.0000000000005,1770.0000000000005,Persistence
2025,2404,2107.0000000000005,2107.0000000000005,Persistence
2025,2609,2404.0,2404.0,Persistence
2025,2338,2608.999999999999,2608.999999999999,Persistence
2025,2311,2338.0,2338.0,Persistence
2025,2550,2311.000000000001,2311.000000000001,Persistence
2025,2856,2549.999999999999,2549.999999999999,Persistence
2025,2195,2855.9999999999995,2855.9999999999995,Persistence
2025,2272,2195.0,2195.0,Persistence
2025,2844,2271.999999999999,2271.999999999999,Persistence
2025,2935,2844.0,2844.0,Persistence
2025,3480,2934.999999999999,2934.999999999999,Persistence
2025,4625,3480.000000000002,3480.000000000002,Persistence
2025,4220,4625.000000000001,4625.000000000001,Persistence
2025,3852,4219.999999999998,4219.999999999998,Persistence
2025,4652,3852.0,3852.0,Persistence
2025,5290,4651.999999999999,4651.999999999999,Persistence
2025,5591,5289.999999999995,5289.999999999995,Persistence
2025,6235,5591.000000000001,5591.000000000001,Persistence
2025,6868,6235.000000000002,6235.000000000002,Persistence
2025,6454,6868.000000000005,6868.000000000005,Persistence
2025,5262,6454.000000000001,6454.000000000001,Persistence
2025,4138,5262.000000000004,5262.000000000004,Persistence
2025,3432,4137.999999999997,4137.999999999997,Persistence
2025,2648,3431.9999999999977,3431.9999999999977,Persistence
2025,1314,2648.0,2648.0,Persistence
2025,771,1314.0000000000005,1314.0000000000005,Persistence
2026,560,771.0000000000002,771.0000000000002,Persistence
2026,316,559.9999999999998,559.9999999999998,Persistence
2026,203,315.9999999999999,315.9999999999999,Persistence
2026,179,202.99999999999994,202.99999999999994,Persistence
2026,136,179.0,179.0,Persistence
2026,108,136.00000000000003,136.00000000000003,Persistence
2026,106,107.99999999999997,107.99999999999997,Persistence
2026,123,105.99999999999996,105.99999999999996,Persistence
2026,68,123.00000000000003,123.00000000000003,Persistence
2026,71,68.00000000000001,68.00000000000001,Persistence
2026,83,71.0,71.0,Persistence
2026,49,82.99999999999999,82.99999999999999,Persistence
2026,90,48.99999999999999,48.99999999999999,Persistence
2026,147,89.99999999999997,89.99999999999997,Persistence
2026,131,146.99999999999994,146.99999999999994,Persistence
2026,177,130.99999999999997,130.99999999999997,Persistence
2026,155,176.99999999999997,176.99999999999997,Persistence
2026,116,155.0,155.0,Persistence
2026,169,116.00000000000003,116.00000000000003,Persistence
2026,215,169.00000000000006,169.00000000000006,Persistence
2026,167,215.00000000000006,215.00000000000006,Persistence
2026,127,166.99999999999997,166.99999999999997,Persistence
2026,514,126.99999999999997,126.99999999999997,Persistence
2026,490,514.0000000000001,514.0000000000001,Persistence
2026,699,489.9999999999999,489.9999999999999,Persistence
2026,900,698.9999999999998,698.9999999999998,Persistence
2026,1071,899.9999999999998,899.9999999999998,Persistence
2026,1452,1071.0,1071.0,Persistence
2026,2162,1451.9999999999993,1451.9999999999993,Persistence
2026,2613,2161.999999999999,2161.999999999999,Persistence
2026,3006,2612.9999999999995,2612.9999999999995,Persistence
2026,3241,3005.9999999999973,3005.9999999999973,Persistence
2026,4633,3240.9999999999977,3240.9999999999977,Persistence
2026,4951,4633.000000000001,4633.000000000001,Persistence
2026,5754,4950.999999999997,4950.999999999997,Persistence
2026,7907,5754.000000000002,5754.000000000002,Persistence
2026,9247,7906.999999999996,7906.999999999996,Persistence
2026,10135,9247.000000000005,9247.000000000005,Persistence
2026,11722,10134.999999999998,10134.999999999998,Persistence
2023,402,451.16978324033437,612.9999999999999,Ridge
2023,228,288.1991423362608,401.99999999999983,Ridge
2023,109,151.03364750482552,228.00000000000006,Ridge
2023,75,71.27380862817647,109.00000000000004,Ridge
2023,63,49.68167181270651,75.0,Ridge
2023,48,47.30118750189475,62.99999999999998,Ridge
2023,65,35.44140045631552,47.99999999999999,Ridge
2023,33,47.2436878198078,64.99999999999997,Ridge
2023,32,26.998982238393822,33.00000000000001,Ridge
2023,31,31.3281381710057,32.0,Ridge
2023,24,30.251127269041092,31.0,Ridge
2023,25,22.111551591616,23.999999999999996,Ridge
2023,18,30.565925012599127,25.000000000000004,Ridge
2023,25,18.58799209353568,17.999999999999996,Ridge
2023,29,20.953764188584792,25.000000000000004,Ridge
2023,29,23.956781484351204,29.000000000000004,Ridge
2023,13,28.47443038752202,29.000000000000004,Ridge
2023,65,17.946455217017107,12.999999999999996,Ridge
2023,103,66.5400354604351,64.99999999999997,Ridge
2023,154,88.22484938546161,102.99999999999999,Ridge
2023,204,180.89258563281098,154.00000000000003,Ridge
2023,324,274.40753709767455,204.00000000000006,Ridge
2023,605,414.8568376146407,323.99999999999994,Ridge
2023,834,511.57698986004334,604.9999999999999,Ridge
2023,1698,823.2883355616003,833.9999999999997,Ridge
2023,2330,2127.6039134086645,1698.0000000000007,Ridge
2023,1519,2617.3032106402534,2330.0000000000005,Ridge
2023,4197,1826.7607726532017,1519.0000000000005,Ridge
2023,7924,4302.629503346536,4197.000000000001,Ridge
2023,12099,6037.782712612325,7924.0,Ridge
2023,16161,10452.844242628638,12099.00000000001,Ridge
2023,17594,15486.931288219188,16161.000000000004,Ridge
2023,18679,20651.856316492904,17594.000000000015,Ridge
2023,14583,26410.287935795706,18678.999999999993,Ridge
2023,14517,14357.74893763915,14583.000000000004,Ridge
2023,18118,11926.452448180708,14517.000000000005,Ridge
2023,20634,15900.768334904807,18118.0,Ridge
2023,22349,17743.87841022421,20633.99999999999,Ridge
2023,23163,21437.396637910737,22349.000000000015,Ridge
2023,18563,23647.096032291785,23162.99999999999,Ridge
2023,17276,18025.27978191725,18563.000000000004,Ridge
2023,16050,20417.5982114979,17276.000000000015,Ridge
2023,15432,15350.331307469434,16050.000000000015,Ridge
2023,12634,10767.228552320774,15431.999999999989,Ridge
2023,12224,10825.098542442805,12634.00000000001,Ridge
2023,11928,11315.197702047477,12224.000000000007,Ridge
2023,9423,9993.707781565217,11928.0,Ridge
2023,6912,11562.712739980452,9422.999999999993,Ridge
2023,5539,6962.571467577325,6911.9999999999945,Ridge
2023,3526,3856.0067038196325,5539.000000000002,Ridge
2023,2004,3004.822430604479,3526.0000000000023,Ridge
2023,1824,1434.6236634866898,2004.0000000000005,Ridge
2023,719,1230.1739305143863,1824.0000000000002,Ridge
2024,375,540.8730131384159,719.0000000000001,Ridge
2024,292,253.88856021492512,375.00000000000006,Ridge
2024,183,183.65239145733855,292.0000000000001,Ridge
2024,153,111.02386791315608,183.00000000000006,Ridge
2024,115,95.68029526340223,153.00000000000006,Ridge
2024,103,81.42886837452927,114.99999999999999,Ridge
2024,54,74.41698351968127,102.99999999999999,Ridge
2024,72,41.150780691665375,54.000000000000014,Ridge
2024,67,66.77827527196062,71.99999999999999,Ridge
2024,67,51.36362994671216,67.00000000000001,Ridge
2024,62,57.72029260450934,67.00000000000001,Ridge
2024,85,73.82918046256879,61.99999999999999,Ridge
2024,74,90.29063341118196,84.99999999999997,Ridge
2024,64,72.57643203703682,73.99999999999997,Ridge
2024,62,65.38781405478665,63.99999999999998,Ridge
2024,172,58.82465432128694,61.99999999999999,Ridge
2024,154,197.29713474682436,172.00000000000006,Ridge
2024,131,192.9361238397542,154.00000000000003,Ridge
2024,172,169.4528192422948,130.99999999999997,Ridge
2024,168,210.93848389839326,172.00000000000006,Ridge
2024,145,167.41766120595824,168.0,Ridge
2024,130,172.91609173804645,145.0,Ridge
2024,187,209.7260281172812,129.99999999999994,Ridge
2024,155,248.3487001955143,187.0,Ridge
2024,174,145.84861493731324,155.0,Ridge
2024,266,207.8197527903333,174.00000000000009,Ridge
2024,327,292.5434783484219,266.00000000000006,Ridge
2024,588,361.84532240340144,327.0000000000001,Ridge
2024,402,615.4710687068816,587.9999999999999,Ridge
2024,955,395.34496084072197,401.99999999999983,Ridge
2024,1194,1008.8048117331426,954.9999999999997,Ridge
2024,1007,1503.7941857714288,1193.9999999999995,Ridge
2024,1582,1204.7106631046345,1007.0000000000002,Ridge
2024,1727,1575.8757052183396,1582.0000000000002,Ridge
2024,2041,2241.705309916877,1726.9999999999995,Ridge
2024,2351,2199.001359759415,2040.9999999999995,Ridge
2024,3405,2214.396238060051,2351.0,Ridge
2024,4959,3918.5110411645574,3404.9999999999977,Ridge
2024,5752,5219.290610028095,4959.000000000003,Ridge
2024,6806,5997.141575265587,5751.999999999997,Ridge
2024,5878,8670.331923064714,6805.999999999999,Ridge
2024,7410,6506.270563782677,5878.0,Ridge
2024,7031,6368.8539439141705,7410.000000000001,Ridge
2024,7560,6603.703213562275,7030.999999999994,Ridge
2024,7922,6724.324229823095,7559.999999999996,Ridge
2024,7586,6486.859598176988,7922.0000000000055,Ridge
2024,6806,6335.449554590253,7585.999999999997,Ridge
2024,5560,6063.289132265268,6805.999999999999,Ridge
2024,3877,4947.691398684558,5559.999999999995,Ridge
2024,2649,3199.7602942177828,3876.9999999999977,Ridge
2024,1317,2097.646062167433,2649.0,Ridge
2024,822,1012.4243513589822,1317.0,Ridge
2025,485,573.7831706455431,822.0,Ridge
2025,343,361.29697063012185,484.99999999999994,Ridge
2025,247,234.87201201519233,342.99999999999994,Ridge
2025,177,173.38270431832527,247.00000000000009,Ridge
2025,133,139.48689516011518,176.99999999999997,Ridge
2025,125,103.76830549520835,132.99999999999997,Ridge
2025,111,95.3616190466419,125.0,Ridge
2025,86,93.75567251683131,110.99999999999996,Ridge
2025,62,83.37557067636891,86.0,Ridge
2025,70,57.23892949667551,61.99999999999999,Ridge
2025,113,67.87407380431597,70.0,Ridge
2025,86,132.17007240090766,113.00000000000003,Ridge
2025,46,97.44571038697843,86.0,Ridge
2025,83,46.5608234098433,45.99999999999999,Ridge
2025,146,96.8730701084565,82.99999999999999,Ridge
2025,176,158.49570261483387,145.99999999999997,Ridge
2025,213,194.441656024144,175.99999999999994,Ridge
2025,218,244.6322782941906,212.99999999999994,Ridge
2025,279,224.47515228973268,218.00000000000003,Ridge
2025,466,267.3619961253468,278.9999999999999,Ridge
2025,520,605.5027235750889,466.00000000000006,Ridge
2025,520,604.9737221255691,520.0,Ridge
2025,457,594.8310776072856,520.0,Ridge
2025,1039,528.1265125049656,457.00000000000017,Ridge
2025,1770,1035.1480336161871,1039.0,Ridge
2025,2107,2074.630641285515,1770.0000000000005,Ridge
2025,2404,2379.6470420287383,2107.0000000000005,Ridge
2025,2609,2662.1336651213383,2404.0,Ridge
2025,2338,2992.6064674668123,2608.999999999999,Ridge
2025,2311,2485.2453971093573,2338.0,Ridge
2025,2550,2409.159769031327,2311.000000000001,Ridge
2025,2856,2831.741382868599,2549.999999999999,Ridge
2025,2195,2935.6511248155393,2855.9999999999995,Ridge
2025,2272,2197.0476408503478,2195.0,Ridge
2025,2844,2285.002441483175,2271.999999999999,Ridge
2025,2935,2696.930378946734,2844.0,Ridge
2025,3480,2777.5838247406796,2934.999999999999,Ridge
2025,4625,3613.323940912128,3480.000000000002,Ridge
2025,4220,4627.7649137301705,4625.000000000001,Ridge
2025,3852,3918.034674232209,4219.999999999998,Ridge
2025,4652,4070.4963100486243,3852.0,Ridge
2025,5290,4670.3210050502375,4651.999999999999,Ridge
2025,5591,4549.010054988678,5289.999999999995,Ridge
2025,6235,5353.150816449436,5591.000000000001,Ridge
2025,6868,6488.539778383989,6235.000000000002,Ridge
2025,6454,5979.874752491259,6868.000000000005,Ridge
2025,5262,4985.081894280478,6454.000000000001,Ridge
2025,4138,4647.589992454004,5262.000000000004,Ridge
2025,3432,3739.9546833128334,4137.999999999997,Ridge
2025,2648,2744.9650805099513,3431.9999999999977,Ridge
2025,1314,2041.2538953818703,2648.0,Ridge
2025,771,1043.3427816427613,1314.0000000000005,Ridge
2026,560,593.7885115170577,771.0000000000002,Ridge
2026,316,356.1008744923044,559.9999999999998,Ridge
2026,203,191.9445417407556,315.9999999999999,Ridge
2026,179,146.12380039890456,202.99999999999994,Ridge
2026,136,145.90999161780812,179.0,Ridge
2026,108,111.91499866315006,136.00000000000003,Ridge
2026,106,87.18272341982704,107.99999999999997,Ridge
2026,123,89.37699932647901,105.99999999999996,Ridge
2026,68,115.01096646847351,123.00000000000003,Ridge
2026,71,68.65377337883758,68.00000000000001,Ridge
2026,83,70.15772881245394,71.0,Ridge
2026,49,78.34748260497577,82.99999999999999,Ridge
2026,90,44.39023589051622,48.99999999999999,Ridge
2026,147,87.81421512912553,89.99999999999997,Ridge
2026,131,156.75431869663598,146.99999999999994,Ridge
2026,177,135.7923216405976,130.99999999999997,Ridge
2026,155,204.12850534735003,176.99999999999997,Ridge
2026,116,178.79151743096818,155.0,Ridge
2026,169,124.82861196564907,116.00000000000003,Ridge
2026,215,177.02932254403808,169.00000000000006,Ridge
2026,167,248.14663410860712,215.00000000000006,Ridge
2026,127,199.1207383637993,166.99999999999997,Ridge
2026,514,162.28581789900846,126.99999999999997,Ridge
2026,490,623.4685257207997,514.0000000000001,Ridge
2026,699,559.2574692910856,489.9999999999999,Ridge
2026,900,979.959962913712,698.9999999999998,Ridge
2026,1071,1252.9947914853824,899.9999999999998,Ridge
2026,1452,1367.1619704115217,1071.0,Ridge
2026,2162,1946.380238079278,1451.9999999999993,Ridge
2026,2613,2923.7956163880526,2161.999999999999,Ridge
2026,3006,3267.131874597942,2612.9999999999995,Ridge
2026,3241,3974.3831477890462,3005.9999999999973,Ridge
2026,4633,4057.426500471347,3240.9999999999977,Ridge
2026,4951,5628.213980706879,4633.000000000001,Ridge
2026,5754,5876.164900550075,4950.999999999997,Ridge
2026,7907,6640.747861423575,5754.000000000002,Ridge
2026,9247,8960.137045777654,7906.999999999996,Ridge
2026,10135,9823.757038578298,9247.000000000005,Ridge
2026,11722,11018.5175883612,10134.999999999998,Ridge
2023,402,338.56689565199156,612.9999999999999,XGBoost-only
2023,228,248.14532574021428,401.99999999999983,XGBoost-only
2023,109,143.4892791904351,228.00000000000006,XGBoost-only
2023,75,55.15197369889167,109.00000000000004,XGBoost-only
2023,63,41.97744620919267,75.0,XGBoost-only
2023,48,39.72702524044254,62.99999999999998,XGBoost-only
2023,65,31.884665483320553,47.99999999999999,XGBoost-only
2023,33,42.342373996138,64.99999999999997,XGBoost-only
2023,32,25.943351250397498,33.00000000000001,XGBoost-only
2023,31,23.302672043138845,32.0,XGBoost-only
2023,24,25.674026693799025,31.0,XGBoost-only
2023,25,24.865841146811892,23.999999999999996,XGBoost-only
2023,18,24.049683676853377,25.000000000000004,XGBoost-only
2023,25,15.854082098425174,17.999999999999996,XGBoost-only
2023,29,22.71680988840504,25.000000000000004,XGBoost-only
2023,29,27.975942675344836,29.000000000000004,XGBoost-only
2023,13,29.621200423621204,29.000000000000004,XGBoost-only
2023,65,17.00653725040539,12.999999999999996,XGBoost-only
2023,103,91.32143692135861,64.99999999999997,XGBoost-only
2023,154,111.67663589509344,102.99999999999999,XGBoost-only
2023,204,175.95202716068113,154.00000000000003,XGBoost-only
2023,324,298.65670565490757,204.00000000000006,XGBoost-only
2023,605,597.5023324786694,323.99999999999994,XGBoost-only
2023,834,820.9320990696915,604.9999999999999,XGBoost-only
2023,1698,1055.0800488107245,833.9999999999997,XGBoost-only
2023,2330,3368.1071402705993,1698.0000000000007,XGBoost-only
2023,1519,3449.365876074829,2330.0000000000005,XGBoost-only
2023,4197,2305.5489380658014,1519.0000000000005,XGBoost-only
2023,7924,4715.131826319972,4197.000000000001,XGBoost-only
2023,12099,9385.52497511262,7924.0,XGBoost-only
2023,16161,15127.920039023824,12099.00000000001,XGBoost-only
2023,17594,18900.52319041788,16161.000000000004,XGBoost-only
2023,18679,24045.72708487803,17594.000000000015,XGBoost-only
2023,14583,22367.418167490858,18678.999999999993,XGBoost-only
2023,14517,16277.460582219284,14583.000000000004,XGBoost-only
2023,18118,12445.123913083062,14517.000000000005,XGBoost-only
2023,20634,19542.658479950835,18118.0,XGBoost-only
2023,22349,23408.895244857238,20633.99999999999,XGBoost-only
2023,23163,25328.837193424206,22349.000000000015,XGBoost-only
2023,18563,21934.062069440784,23162.99999999999,XGBoost-only
2023,17276,18806.150316364125,18563.000000000004,XGBoost-only
2023,16050,14748.267811930964,17276.000000000015,XGBoost-only
2023,15432,14243.754932430349,16050.000000000015,XGBoost-only
2023,12634,12369.16697764341,15431.999999999989,XGBoost-only
2023,12224,10994.91052012435,12634.00000000001,XGBoost-only
2023,11928,8659.989284271642,12224.000000000007,XGBoost-only
2023,9423,9571.443224537335,11928.0,XGBoost-only
2023,6912,25138.105424169706,9422.999999999993,XGBoost-only
2023,5539,5467.36673030904,6911.9999999999945,XGBoost-only
2023,3526,3497.2458957892595,5539.000000000002,XGBoost-only
2023,2004,4196.927623402156,3526.0000000000023,XGBoost-only
2023,1824,1296.509448339383,2004.0000000000005,XGBoost-only
2023,719,995.7713366461813,1824.0000000000002,XGBoost-only
2024,375,547.6678513060389,719.0000000000001,XGBoost-only
2024,292,195.91283080947295,375.00000000000006,XGBoost-only
2024,183,180.59040032913254,292.0000000000001,XGBoost-only
2024,153,114.32484471332401,183.00000000000006,XGBoost-only
2024,115,34.32928256254771,153.00000000000006,XGBoost-only
2024,103,19.702307134454518,114.99999999999999,XGBoost-only
2024,54,66.74588406913627,102.99999999999999,XGBoost-only
2024,72,44.79788217232553,54.000000000000014,XGBoost-only
2024,67,72.15549539541114,71.99999999999999,XGBoost-only
2024,67,50.30269817995156,67.00000000000001,XGBoost-only
2024,62,63.73540907052991,67.00000000000001,XGBoost-only
2024,85,69.23652045904554,61.99999999999999,XGBoost-only
2024,74,95.9218079937111,84.99999999999997,XGBoost-only
2024,64,75.40637736533773,73.99999999999997,XGBoost-only
2024,62,64.76272226404598,63.99999999999998,XGBoost-only
2024,172,54.689162090822144,61.99999999999999,XGBoost-only
2024,154,208.87809406899885,172.00000000000006,XGBoost-only
2024,131,157.60268730849427,154.00000000000003,XGBoost-only
2024,172,159.09103936730773,130.99999999999997,XGBoost-only
2024,168,212.78422109985155,172.00000000000006,XGBoost-only
2024,145,172.37750578878348,168.0,XGBoost-only
2024,130,174.55102193740146,145.0,XGBoost-only
2024,187,203.75446488967543,129.99999999999994,XGBoost-only
2024,155,215.14944826453745,187.0,XGBoost-only
2024,174,173.41052496876912,155.0,XGBoost-only
2024,266,188.1886056742901,174.00000000000009,XGBoost-only
2024,327,338.22495942995863,266.00000000000006,XGBoost-only
2024,588,445.32725526015196,327.0000000000001,XGBoost-only
2024,402,803.7095811713248,587.9999999999999,XGBoost-only
2024,955,544.4986941675154,401.99999999999983,XGBoost-only
2024,1194,1216.4567119351177,954.9999999999997,XGBoost-only
2024,1007,1357.2235098487365,1193.9999999999995,XGBoost-only
2024,1582,1138.104473956611,1007.0000000000002,XGBoost-only
2024,1727,2042.510479050033,1582.0000000000002,XGBoost-only
2024,2041,1953.4624866826618,1726.9999999999995,XGBoost-only
2024,2351,2275.0651008505247,2040.9999999999995,XGBoost-only
2024,3405,2714.035655874068,2351.0,XGBoost-only
2024,4959,5378.988999767434,3404.9999999999977,XGBoost-only
2024,5752,6194.850595084839,4959.000000000003,XGBoost-only
2024,6806,6587.209112209596,5751.999999999997,XGBoost-only
2024,5878,7793.393233795788,6805.999999999999,XGBoost-only
2024,7410,6027.09003787101,5878.0,XGBoost-only
2024,7031,7685.29030706098,7410.000000000001,XGBoost-only
2024,7560,6962.1326653522065,7030.999999999994,XGBoost-only
2024,7922,6933.65581308322,7559.999999999996,XGBoost-only
2024,7586,6708.529687969609,7922.0000000000055,XGBoost-only
2024,6806,6206.945381327895,7585.999999999997,XGBoost-only
2024,5560,5448.960914901806,6805.999999999999,XGBoost-only
2024,3877,3739.076355737535,5559.999999999995,XGBoost-only
2024,2649,2875.8347952515796,3876.9999999999977,XGBoost-only
2024,1317,1849.5587864441031,2649.0,XGBoost-only
2024,822,709.7868214447732,1317.0,XGBoost-only
2025,485,487.84718285114843,822.0,XGBoost-only
2025,343,304.3611667283259,484.99999999999994,XGBoost-only
2025,247,202.22750940997904,342.99999999999994,XGBoost-only
2025,177,159.04192080541847,247.00000000000009,XGBoost-only
2025,133,135.78649257368764,176.99999999999997,XGBoost-only
2025,125,104.73330991865147,132.99999999999997,XGBoost-only
2025,111,99.16574730054099,125.0,XGBoost-only
2025,86,94.78660923612468,110.99999999999996,XGBoost-only
2025,62,81.71723774712525,86.0,XGBoost-only
2025,70,60.79157888248765,61.99999999999999,XGBoost-only
2025,113,59.19799291645843,70.0,XGBoost-only
2025,86,104.01158173581553,113.00000000000003,XGBoost-only
2025,46,99.37220652110932,86.0,XGBoost-only
2025,83,67.04155008360213,45.99999999999999,XGBoost-only
2025,146,88.88623669100066,82.99999999999999,XGBoost-only
2025,176,169.4255666468991,145.99999999999997,XGBoost-only
2025,213,202.22494076848915,175.99999999999994,XGBoost-only
2025,218,266.6201499507682,212.99999999999994,XGBoost-only
2025,279,244.81387005187725,218.00000000000003,XGBoost-only
2025,466,302.9812268680292,278.9999999999999,XGBoost-only
2025,520,706.6654330150242,466.00000000000006,XGBoost-only
2025,520,643.5873296778506,520.0,XGBoost-only
2025,457,603.4281682835812,520.0,XGBoost-only
2025,1039,579.2506155518392,457.00000000000017,XGBoost-only
2025,1770,1259.7169093772666,1039.0,XGBoost-only
2025,2107,2147.776590494125,1770.0000000000005,XGBoost-only
2025,2404,2523.719026833503,2107.0000000000005,XGBoost-only
2025,2609,2939.941667646067,2404.0,XGBoost-only
2025,2338,2940.654428446616,2608.999999999999,XGBoost-only
2025,2311,2644.289123350721,2338.0,XGBoost-only
2025,2550,2480.4286746213643,2311.000000000001,XGBoost-only
2025,2856,2657.997638203533,2549.999999999999,XGBoost-only
2025,2195,2845.9297467466577,2855.9999999999995,XGBoost-only
2025,2272,2374.592124470375,2195.0,XGBoost-only
2025,2844,2295.2275380564292,2271.999999999999,XGBoost-only
2025,2935,2870.9828303177883,2844.0,XGBoost-only
2025,3480,3136.754498841027,2934.999999999999,XGBoost-only
2025,4625,3749.1818406829066,3480.000000000002,XGBoost-only
2025,4220,5004.460863448047,4625.000000000001,XGBoost-only
2025,3852,4634.646398903571,4219.999999999998,XGBoost-only
2025,4652,4125.590282609325,3852.0,XGBoost-only
2025,5290,4789.507726604295,4651.999999999999,XGBoost-only
2025,5591,5269.099403241807,5289.999999999995,XGBoost-only
2025,6235,5610.455266454073,5591.000000000001,XGBoost-only
2025,6868,6335.764053302334,6235.000000000002,XGBoost-only
2025,6454,6395.981658268214,6868.000000000005,XGBoost-only
2025,5262,5166.638476063962,6454.000000000001,XGBoost-only
2025,4138,4400.554414404293,5262.000000000004,XGBoost-only
2025,3432,2970.792242327929,4137.999999999997,XGBoost-only
2025,2648,2273.9993741162107,3431.9999999999977,XGBoost-only
2025,1314,2062.9420203941813,2648.0,XGBoost-only
2025,771,837.1166986053125,1314.0000000000005,XGBoost-only
2026,560,432.9145921945835,771.0000000000002,XGBoost-only
2026,316,499.27636411603,559.9999999999998,XGBoost-only
2026,203,124.1596896023053,315.9999999999999,XGBoost-only
2026,179,164.18586367951448,202.99999999999994,XGBoost-only
2026,136,107.72127596120265,179.0,XGBoost-only
2026,108,104.08165592283642,136.00000000000003,XGBoost-only
2026,106,87.13405104328574,107.99999999999997,XGBoost-only
2026,123,132.083256381116,105.99999999999996,XGBoost-only
2026,68,117.16754087035936,123.00000000000003,XGBoost-only
2026,71,66.39969502712769,68.00000000000001,XGBoost-only
2026,83,75.07909895030046,71.0,XGBoost-only
2026,49,81.69970921439088,82.99999999999999,XGBoost-only
2026,90,54.45100856226384,48.99999999999999,XGBoost-only
2026,147,104.39435996203456,89.99999999999997,XGBoost-only
2026,131,166.01323719416047,146.99999999999994,XGBoost-only
2026,177,143.79276356189843,130.99999999999997,XGBoost-only
2026,155,211.51506188991246,176.99999999999997,XGBoost-only
2026,116,192.23383582389985,155.0,XGBoost-only
2026,169,131.2984843459379,116.00000000000003,XGBoost-only
2026,215,209.01387793881412,169.00000000000006,XGBoost-only
2026,167,283.2021962528163,215.00000000000006,XGBoost-only
2026,127,198.35254354853564,166.99999999999997,XGBoost-only
2026,514,180.37568908155882,126.99999999999997,XGBoost-only
2026,490,681.6154540380696,514.0000000000001,XGBoost-only
2026,699,581.1829296871261,489.9999999999999,XGBoost-only
2026,900,851.3730166385474,698.9999999999998,XGBoost-only
2026,1071,1081.67505238327,899.9999999999998,XGBoost-only
2026,1452,1266.164544499972,1071.0,XGBoost-only
2026,2162,1691.760824049423,1451.9999999999993,XGBoost-only
2026,2613,2556.8721591640538,2161.999999999999,XGBoost-only
2026,3006,3042.99486309244,2612.9999999999995,XGBoost-only
2026,3241,3381.911106914235,3005.9999999999973,XGBoost-only
2026,4633,3713.6797094256767,3240.9999999999977,XGBoost-only
2026,4951,5427.399251974609,4633.000000000001,XGBoost-only
2026,5754,5451.223353426123,4950.999999999997,XGBoost-only
2026,7907,6420.677307378736,5754.000000000002,XGBoost-only
2026,9247,8409.013683945992,7906.999999999996,XGBoost-only
2026,10135,10142.5212272564,9247.000000000005,XGBoost-only
2026,11722,10568.828213424975,10134.999999999998,XGBoost-only
2023,402,408.3491363120779,612.9999999999999,LSTM-only
2023,228,258.5838326298285,401.99999999999983,LSTM-only
2023,109,131.8757965340249,228.00000000000006,LSTM-only
2023,75,61.05583572325894,109.00000000000004,LSTM-only
2023,63,40.835312854107585,75.0,LSTM-only
2023,48,35.72481450275973,62.99999999999998,LSTM-only
2023,65,27.700432210366326,47.99999999999999,LSTM-only
2023,33,42.08133882132432,64.99999999999997,LSTM-only
2023,32,24.665549222723428,33.00000000000001,LSTM-only
2023,31,27.384361564212686,32.0,LSTM-only
2023,24,30.48535987782051,31.0,LSTM-only
2023,25,25.28473067338452,23.999999999999996,LSTM-only
2023,18,26.12640350004389,25.000000000000004,LSTM-only
2023,25,18.317463771277986,17.999999999999996,LSTM-only
2023,29,26.38320490760722,25.000000000000004,LSTM-only
2023,29,33.368332176880806,29.000000000000004,LSTM-only
2023,13,37.55088078340093,29.000000000000004,LSTM-only
2023,65,15.64640131181768,12.999999999999996,LSTM-only
2023,103,84.67481727171972,64.99999999999997,LSTM-only
2023,154,131.99453743753728,102.99999999999999,LSTM-only
2023,204,212.4279646799829,154.00000000000003,LSTM-only
2023,324,258.67350248518943,204.00000000000006,LSTM-only
2023,605,435.68583779872847,323.99999999999994,LSTM-only
2023,834,903.3827799083772,604.9999999999999,LSTM-only
2023,1698,1226.6642351348974,833.9999999999997,LSTM-only
2023,2330,2439.6704257051642,1698.0000000000007,LSTM-only
2023,1519,3440.909425801603,2330.0000000000005,LSTM-only
2023,4197,1937.7268896429364,1519.0000000000005,LSTM-only
2023,7924,5823.877907918081,4197.000000000001,LSTM-only
2023,12099,10818.056147630978,7924.0,LSTM-only
2023,16161,17043.397099194754,12099.00000000001,LSTM-only
2023,17594,22327.001780327482,16161.000000000004,LSTM-only
2023,18679,20502.401656564583,17594.000000000015,LSTM-only
2023,14583,19280.76971486809,18678.999999999993,LSTM-only
2023,14517,17053.698447099763,14583.000000000004,LSTM-only
2023,18118,15877.43259916649,14517.000000000005,LSTM-only
2023,20634,20641.062216207993,18118.0,LSTM-only
2023,22349,22659.101220068886,20633.99999999999,LSTM-only
2023,23163,23934.26143583749,22349.000000000015,LSTM-only
2023,18563,22916.12216304018,23162.99999999999,LSTM-only
2023,17276,19200.81882073589,18563.000000000004,LSTM-only
2023,16050,16821.397946789864,17276.000000000015,LSTM-only
2023,15432,16740.58307878035,16050.000000000015,LSTM-only
2023,12634,16560.362932313223,15431.999999999989,LSTM-only
2023,12224,12865.895084482107,12634.00000000001,LSTM-only
2023,11928,12747.095044723072,12224.000000000007,LSTM-only
2023,9423,11714.542652094624,11928.0,LSTM-only
2023,6912,11847.629049424286,9422.999999999993,LSTM-only
2023,5539,6733.711034056976,6911.9999999999945,LSTM-only
2023,3526,5037.9392097323935,5539.000000000002,LSTM-only
2023,2004,3550.374193094215,3526.0000000000023,LSTM-only
2023,1824,1510.8960713747301,2004.0000000000005,LSTM-only
2023,719,1214.0922981903998,1824.0000000000002,LSTM-only
2024,375,434.82173574048215,719.0000000000001,LSTM-only
2024,292,216.53931276026157,375.00000000000006,LSTM-only
2024,183,161.46003525940694,292.0000000000001,LSTM-only
2024,153,99.27141803409232,183.00000000000006,LSTM-only
2024,115,83.13127186634635,153.00000000000006,LSTM-only
2024,103,66.45133498493615,114.99999999999999,LSTM-only
2024,54,63.5821374875107,102.99999999999999,LSTM-only
2024,72,36.8973863535996,54.000000000000014,LSTM-only
2024,67,53.44670271967946,71.99999999999999,LSTM-only
2024,67,54.474115376602334,67.00000000000001,LSTM-only
2024,62,59.532970913239204,67.00000000000001,LSTM-only
2024,85,61.320967828179654,61.99999999999999,LSTM-only
2024,74,89.10798169065919,84.99999999999997,LSTM-only
2024,64,81.9638325116688,73.99999999999997,LSTM-only
2024,62,78.6900963067762,63.99999999999998,LSTM-only
2024,172,79.95637193152913,61.99999999999999,LSTM-only
2024,154,234.4471284971903,172.00000000000006,LSTM-only
2024,131,217.59913941825843,154.00000000000003,LSTM-only
2024,172,186.6490319325854,130.99999999999997,LSTM-only
2024,168,242.39295286824554,172.00000000000006,LSTM-only
2024,145,245.26487051576612,168.0,LSTM-only
2024,130,210.46301534208857,145.0,LSTM-only
2024,187,171.00461179703515,129.99999999999994,LSTM-only
2024,155,261.99173257648937,187.0,LSTM-only
2024,174,219.47658548176153,155.0,LSTM-only
2024,266,231.74341441556467,174.00000000000009,LSTM-only
2024,327,348.2965287690347,266.00000000000006,LSTM-only
2024,588,397.73808386217917,327.0000000000001,LSTM-only
2024,402,725.5124164925547,587.9999999999999,LSTM-only
2024,955,502.9664634574587,401.99999999999983,LSTM-only
2024,1194,1183.9442397639275,954.9999999999997,LSTM-only
2024,1007,1335.5584523543341,1193.9999999999995,LSTM-only
2024,1582,1121.7081870756854,1007.0000000000002,LSTM-only
2024,1727,1745.5605283236252,1582.0000000000002,LSTM-only
2024,2041,1752.0105934324195,1726.9999999999995,LSTM-only
2024,2351,2158.8260808539585,2040.9999999999995,LSTM-only
2024,3405,2503.9610078969263,2351.0,LSTM-only
2024,4959,3537.607785993547,3404.9999999999977,LSTM-only
2024,5752,5317.7601354024855,4959.000000000003,LSTM-only
2024,6806,5856.455365211383,5751.999999999997,LSTM-only
2024,5878,6688.245286897586,6805.999999999999,LSTM-only
2024,7410,5629.517561355619,5878.0,LSTM-only
2024,7031,6996.282329129153,7410.000000000001,LSTM-only
2024,7560,6425.335627934416,7030.999999999994,LSTM-only
2024,7922,6816.830392269872,7559.999999999996,LSTM-only
2024,7586,6972.00151983928,7922.0000000000055,LSTM-only
2024,6806,6579.9076724660135,7585.999999999997,LSTM-only
2024,5560,5614.750245465075,6805.999999999999,LSTM-only
2024,3877,4492.3347241079455,5559.999999999995,LSTM-only
2024,2649,3044.1539251093527,3876.9999999999977,LSTM-only
2024,1317,1907.2443197974223,2649.0,LSTM-only
2024,822,903.5364929556296,1317.0,LSTM-only
2025,485,515.1444907927524,822.0,LSTM-only
2025,343,295.0928540365429,484.99999999999994,LSTM-only
2025,247,214.9639252651976,342.99999999999994,LSTM-only
2025,177,165.1049744639154,247.00000000000009,LSTM-only
2025,133,121.88859550421323,176.99999999999997,LSTM-only
2025,125,97.282439629612,132.99999999999997,LSTM-only
2025,111,97.82807989312398,125.0,LSTM-only
2025,86,92.05976426729329,110.99999999999996,LSTM-only
2025,62,76.98668120984031,86.0,LSTM-only
2025,70,59.186712819602675,61.99999999999999,LSTM-only
2025,113,69.34150386724406,70.0,LSTM-only
2025,86,117.5831378284771,113.00000000000003,LSTM-only
2025,46,91.22578209149792,86.0,LSTM-only
2025,83,49.42148117806667,45.99999999999999,LSTM-only
2025,146,92.76978560295184,82.99999999999999,LSTM-only
2025,176,168.53347644533798,145.99999999999997,LSTM-only
2025,213,212.26852838391963,175.99999999999994,LSTM-only
2025,218,265.31821118644314,212.99999999999994,LSTM-only
2025,279,280.771948165643,218.00000000000003,LSTM-only
2025,466,374.1475534947829,278.9999999999999,LSTM-only
2025,520,647.6205369906811,466.00000000000006,LSTM-only
2025,520,729.6400477909282,520.0,LSTM-only
2025,457,714.3234900693624,520.0,LSTM-only
2025,1039,630.1710620256201,457.00000000000017,LSTM-only
2025,1770,1455.0611502579816,1039.0,LSTM-only
2025,2107,2380.669626032561,1770.0000000000005,LSTM-only
2025,2404,2826.4514100454794,2107.0000000000005,LSTM-only
2025,2609,3131.4652940108317,2404.0,LSTM-only
2025,2338,3137.428554445105,2608.999999999999,LSTM-only
2025,2311,2824.728450433922,2338.0,LSTM-only
2025,2550,2818.3003660474983,2311.000000000001,LSTM-only
2025,2856,2934.6888585961974,2549.999999999999,LSTM-only
2025,2195,3233.380765959539,2855.9999999999995,LSTM-only
2025,2272,2495.3471735729736,2195.0,LSTM-only
2025,2844,2485.5419071947035,2271.999999999999,LSTM-only
2025,2935,3052.180776549333,2844.0,LSTM-only
2025,3480,3244.787096937308,2934.999999999999,LSTM-only
2025,4625,3680.4846791342547,3480.000000000002,LSTM-only
2025,4220,4654.8320948667015,4625.000000000001,LSTM-only
2025,3852,4243.15553946799,4219.999999999998,LSTM-only
2025,4652,3758.28562989961,3852.0,LSTM-only
2025,5290,4392.633970515135,4651.999999999999,LSTM-only
2025,5591,5290.075478653427,5289.999999999995,LSTM-only
2025,6235,5732.215934198131,5591.000000000001,LSTM-only
2025,6868,6019.049561834077,6235.000000000002,LSTM-only
2025,6454,6294.501435676745,6868.000000000005,LSTM-only
2025,5262,5733.748150723828,6454.000000000001,LSTM-only
2025,4138,4433.766734313558,5262.000000000004,LSTM-only
2025,3432,3221.552774303947,4137.999999999997,LSTM-only
2025,2648,2452.149426372748,3431.9999999999977,LSTM-only
2025,1314,1807.916002673523,2648.0,LSTM-only
2025,771,910.8775628775372,1314.0000000000005,LSTM-only
2026,560,516.0168438829996,771.0000000000002,LSTM-only
2026,316,343.65015335077624,559.9999999999998,LSTM-only
2026,203,190.55559750944653,315.9999999999999,LSTM-only
2026,179,130.2264759931647,202.99999999999994,LSTM-only
2026,136,123.11056104738819,179.0,LSTM-only
2026,108,99.7099605410699,136.00000000000003,LSTM-only
2026,106,82.96831680348691,107.99999999999997,LSTM-only
2026,123,85.4175553180764,105.99999999999996,LSTM-only
2026,68,106.94586504530376,123.00000000000003,LSTM-only
2026,71,63.287325023793066,68.00000000000001,LSTM-only
2026,83,70.40093545564847,71.0,LSTM-only
2026,49,86.6974685993763,82.99999999999999,LSTM-only
2026,90,51.01230720376526,48.99999999999999,LSTM-only
2026,147,96.99347214076153,89.99999999999997,LSTM-only
2026,131,168.30604494618638,146.99999999999994,LSTM-only
2026,177,153.39037915575952,130.99999999999997,LSTM-only
2026,155,217.74409950965904,176.99999999999997,LSTM-only
2026,116,198.7149873879208,155.0,LSTM-only
2026,169,142.81494382395695,116.00000000000003,LSTM-only
2026,215,214.97052631498875,169.00000000000006,LSTM-only
2026,167,277.2337433793125,215.00000000000006,LSTM-only
2026,127,219.60261435835957,166.99999999999997,LSTM-only
2026,514,164.96311255766582,126.99999999999997,LSTM-only
2026,490,662.0564741954421,514.0000000000001,LSTM-only
2026,699,623.6079182112244,489.9999999999999,LSTM-only
2026,900,856.8048992642273,698.9999999999998,LSTM-only
2026,1071,1090.1454244637162,899.9999999999998,LSTM-only
2026,1452,1289.6862734405809,1071.0,LSTM-only
2026,2162,1685.2010490666426,1451.9999999999993,LSTM-only
2026,2613,2499.8787229020595,2161.999999999999,LSTM-only
2026,3006,3048.21467256366,2612.9999999999995,LSTM-only
2026,3241,3415.9004767502497,3005.9999999999973,LSTM-only
2026,4633,3766.0934005047134,3240.9999999999977,LSTM-only
2026,4951,5300.908376678567,4633.000000000001,LSTM-only
2026,5754,5724.789524443529,4950.999999999997,LSTM-only
2026,7907,6713.936986374421,5754.000000000002,LSTM-only
2026,9247,9182.624575808293,7906.999999999996,LSTM-only
2026,10135,10751.159140465656,9247.000000000005,LSTM-only
2026,11722,11494.712404383185,10134.999999999998,LSTM-only
2023,402,413.23879001807046,612.9999999999999,Hybrid LSTM-XGBoost
2023,228,290.27217546764,401.99999999999983,Hybrid LSTM-XGBoost
2023,109,158.7939379465608,228.00000000000006,Hybrid LSTM-XGBoost
2023,75,75.17036156746346,109.00000000000004,Hybrid LSTM-XGBoost
2023,63,50.3497453480758,75.0,Hybrid LSTM-XGBoost
2023,48,38.003585231084145,62.99999999999998,Hybrid LSTM-XGBoost
2023,65,37.16881349714335,47.99999999999999,Hybrid LSTM-XGBoost
2023,33,51.452890013087305,64.99999999999997,Hybrid LSTM-XGBoost
2023,32,27.973521419363166,33.00000000000001,Hybrid LSTM-XGBoost
2023,31,31.677139581590115,32.0,Hybrid LSTM-XGBoost
2023,24,30.350480660736306,31.0,Hybrid LSTM-XGBoost
2023,25,27.35217292949181,23.999999999999996,Hybrid LSTM-XGBoost
2023,18,29.144527355090705,25.000000000000004,Hybrid LSTM-XGBoost
2023,25,17.668156701663104,17.999999999999996,Hybrid LSTM-XGBoost
2023,29,27.02631873601267,25.000000000000004,Hybrid LSTM-XGBoost
2023,29,35.586477429483786,29.000000000000004,Hybrid LSTM-XGBoost
2023,13,37.13199863018959,29.000000000000004,Hybrid LSTM-XGBoost
2023,65,22.83636383672387,12.999999999999996,Hybrid LSTM-XGBoost
2023,103,79.02267898916546,64.99999999999997,Hybrid LSTM-XGBoost
2023,154,123.57507829121839,102.99999999999999,Hybrid LSTM-XGBoost
2023,204,198.01925088941002,154.00000000000003,Hybrid LSTM-XGBoost
2023,324,293.13992165582306,204.00000000000006,Hybrid LSTM-XGBoost
2023,605,420.6643392653538,323.99999999999994,Hybrid LSTM-XGBoost
2023,834,742.8503375970145,604.9999999999999,Hybrid LSTM-XGBoost
2023,1698,1026.3852367977972,833.9999999999997,Hybrid LSTM-XGBoost
2023,2330,2303.21997617994,1698.0000000000007,Hybrid LSTM-XGBoost
2023,1519,2799.6540048865636,2330.0000000000005,Hybrid LSTM-XGBoost
2023,4197,1931.8611745052767,1519.0000000000005,Hybrid LSTM-XGBoost
2023,7924,5146.85456978806,4197.000000000001,Hybrid LSTM-XGBoost
2023,12099,10627.960280462012,7924.0,Hybrid LSTM-XGBoost
2023,16161,12975.15310857154,12099.00000000001,Hybrid LSTM-XGBoost
2023,17594,18103.25168590745,16161.000000000004,Hybrid LSTM-XGBoost
2023,18679,23688.528070105946,17594.000000000015,Hybrid LSTM-XGBoost
2023,14583,21287.715903101835,18678.999999999993,Hybrid LSTM-XGBoost
2023,14517,16594.09867117931,14583.000000000004,Hybrid LSTM-XGBoost
2023,18118,16731.110520028502,14517.000000000005,Hybrid LSTM-XGBoost
2023,20634,20192.922334970317,18118.0,Hybrid LSTM-XGBoost
2023,22349,21991.374266493633,20633.99999999999,Hybrid LSTM-XGBoost
2023,23163,25095.4654220619,22349.000000000015,Hybrid LSTM-XGBoost
2023,18563,28163.712406686423,23162.99999999999,Hybrid LSTM-XGBoost
2023,17276,18618.02939236903,18563.000000000004,Hybrid LSTM-XGBoost
2023,16050,17101.673577241123,17276.000000000015,Hybrid LSTM-XGBoost
2023,15432,16336.549436486295,16050.000000000015,Hybrid LSTM-XGBoost
2023,12634,14924.962522815462,15431.999999999989,Hybrid LSTM-XGBoost
2023,12224,11759.347468373064,12634.00000000001,Hybrid LSTM-XGBoost
2023,11928,10994.709485480544,12224.000000000007,Hybrid LSTM-XGBoost
2023,9423,10150.437190835524,11928.0,Hybrid LSTM-XGBoost
2023,6912,8440.27857614514,9422.999999999993,Hybrid LSTM-XGBoost
2023,5539,5046.456738111043,6911.9999999999945,Hybrid LSTM-XGBoost
2023,3526,3814.756103856159,5539.000000000002,Hybrid LSTM-XGBoost
2023,2004,2614.0067185711237,3526.0000000000023,Hybrid LSTM-XGBoost
2023,1824,1359.0059939308544,2004.0000000000005,Hybrid LSTM-XGBoost
2023,719,1346.8519990245177,1824.0000000000002,Hybrid LSTM-XGBoost
2024,375,678.2217961882185,719.0000000000001,Hybrid LSTM-XGBoost
2024,292,243.93042709348276,375.00000000000006,Hybrid LSTM-XGBoost
2024,183,195.52093155164414,292.0000000000001,Hybrid LSTM-XGBoost
2024,153,95.3565782810814,183.00000000000006,Hybrid LSTM-XGBoost
2024,115,32.96288071960414,153.00000000000006,Hybrid LSTM-XGBoost
2024,103,23.86211440485699,114.99999999999999,Hybrid LSTM-XGBoost
2024,54,68.1079009273729,102.99999999999999,Hybrid LSTM-XGBoost
2024,72,44.66084518120475,54.000000000000014,Hybrid LSTM-XGBoost
2024,67,64.58640828368652,71.99999999999999,Hybrid LSTM-XGBoost
2024,67,52.316328105679666,67.00000000000001,Hybrid LSTM-XGBoost
2024,62,59.96736364766481,67.00000000000001,Hybrid LSTM-XGBoost
2024,85,56.306977463554034,61.99999999999999,Hybrid LSTM-XGBoost
2024,74,81.7425537476236,84.99999999999997,Hybrid LSTM-XGBoost
2024,64,80.93658066077863,73.99999999999997,Hybrid LSTM-XGBoost
2024,62,73.50199643179504,63.99999999999998,Hybrid LSTM-XGBoost
2024,172,73.42596145742226,61.99999999999999,Hybrid LSTM-XGBoost
2024,154,248.96698474364956,172.00000000000006,Hybrid LSTM-XGBoost
2024,131,178.67901744301543,154.00000000000003,Hybrid LSTM-XGBoost
2024,172,182.91751084033783,130.99999999999997,Hybrid LSTM-XGBoost
2024,168,245.41224143679923,172.00000000000006,Hybrid LSTM-XGBoost
2024,145,224.7543048004746,168.0,Hybrid LSTM-XGBoost
2024,130,202.95092349146685,145.0,Hybrid LSTM-XGBoost
2024,187,158.77363828943646,129.99999999999994,Hybrid LSTM-XGBoost
2024,155,252.4464699626073,187.0,Hybrid LSTM-XGBoost
2024,174,200.39086162450337,155.0,Hybrid LSTM-XGBoost
2024,266,227.35195004233876,174.00000000000009,Hybrid LSTM-XGBoost
2024,327,356.7827865923738,266.00000000000006,Hybrid LSTM-XGBoost
2024,588,408.758690297958,327.0000000000001,Hybrid LSTM-XGBoost
2024,402,770.7445381269225,587.9999999999999,Hybrid LSTM-XGBoost
2024,955,559.3442797213299,401.99999999999983,Hybrid LSTM-XGBoost
2024,1194,1234.772149848274,954.9999999999997,Hybrid LSTM-XGBoost
2024,1007,1193.9889390057974,1193.9999999999995,Hybrid LSTM-XGBoost
2024,1582,1112.125897010864,1007.0000000000002,Hybrid LSTM-XGBoost
2024,1727,1820.1696489800283,1582.0000000000002,Hybrid LSTM-XGBoost
2024,2041,1882.645355464817,1726.9999999999995,Hybrid LSTM-XGBoost
2024,2351,2204.6158967064152,2040.9999999999995,Hybrid LSTM-XGBoost
2024,3405,2544.492481597066,2351.0,Hybrid LSTM-XGBoost
2024,4959,3911.9550106681527,3404.9999999999977,Hybrid LSTM-XGBoost
2024,5752,5571.874262170272,4959.000000000003,Hybrid LSTM-XGBoost
2024,6806,6229.866605847524,5751.999999999997,Hybrid LSTM-XGBoost
2024,5878,7344.459293482885,6805.999999999999,Hybrid LSTM-XGBoost
2024,7410,6099.12787470441,5878.0,Hybrid LSTM-XGBoost
2024,7031,7105.636431898865,7410.000000000001,Hybrid LSTM-XGBoost
2024,7560,6489.870292037699,7030.999999999994,Hybrid LSTM-XGBoost
2024,7922,6613.619162888861,7559.999999999996,Hybrid LSTM-XGBoost
2024,7586,6710.394570049873,7922.0000000000055,Hybrid LSTM-XGBoost
2024,6806,6325.49583450914,7585.999999999997,Hybrid LSTM-XGBoost
2024,5560,5093.151532907316,6805.999999999999,Hybrid LSTM-XGBoost
2024,3877,3859.319508554123,5559.999999999995,Hybrid LSTM-XGBoost
2024,2649,2676.753658327149,3876.9999999999977,Hybrid LSTM-XGBoost
2024,1317,1765.3618659828562,2649.0,Hybrid LSTM-XGBoost
2024,822,856.9403325961803,1317.0,Hybrid LSTM-XGBoost
2025,485,531.3963314090388,822.0,Hybrid LSTM-XGBoost
2025,343,305.80351084809445,484.99999999999994,Hybrid LSTM-XGBoost
2025,247,218.45282995409292,342.99999999999994,Hybrid LSTM-XGBoost
2025,177,170.90545928542562,247.00000000000009,Hybrid LSTM-XGBoost
2025,133,140.01820080282084,176.99999999999997,Hybrid LSTM-XGBoost
2025,125,106.11091821705047,132.99999999999997,Hybrid LSTM-XGBoost
2025,111,95.74236242191688,125.0,Hybrid LSTM-XGBoost
2025,86,94.38710241308745,110.99999999999996,Hybrid LSTM-XGBoost
2025,62,82.3551765445655,86.0,Hybrid LSTM-XGBoost
2025,70,63.033031190764895,61.99999999999999,Hybrid LSTM-XGBoost
2025,113,59.34782353292876,70.0,Hybrid LSTM-XGBoost
2025,86,105.85839141106194,113.00000000000003,Hybrid LSTM-XGBoost
2025,46,91.58153763387232,86.0,Hybrid LSTM-XGBoost
2025,83,58.68416756567658,45.99999999999999,Hybrid LSTM-XGBoost
2025,146,85.14260862275526,82.99999999999999,Hybrid LSTM-XGBoost
2025,176,181.99473175283376,145.99999999999997,Hybrid LSTM-XGBoost
2025,213,221.91783308772256,175.99999999999994,Hybrid LSTM-XGBoost
2025,218,266.0562008708714,212.99999999999994,Hybrid LSTM-XGBoost
2025,279,291.98600581065625,218.00000000000003,Hybrid LSTM-XGBoost
2025,466,378.20614305746847,278.9999999999999,Hybrid LSTM-XGBoost
2025,520,669.6458346152087,466.00000000000006,Hybrid LSTM-XGBoost
2025,520,765.6721139965592,520.0,Hybrid LSTM-XGBoost
2025,457,909.2911507432152,520.0,Hybrid LSTM-XGBoost
2025,1039,584.6112007353012,457.00000000000017,Hybrid LSTM-XGBoost
2025,1770,1320.3221996717937,1039.0,Hybrid LSTM-XGBoost
2025,2107,2231.9183466191676,1770.0000000000005,Hybrid LSTM-XGBoost
2025,2404,2650.104795233969,2107.0000000000005,Hybrid LSTM-XGBoost
2025,2609,2965.903357977841,2404.0,Hybrid LSTM-XGBoost
2025,2338,3078.344873532254,2608.999999999999,Hybrid LSTM-XGBoost
2025,2311,2667.037211093722,2338.0,Hybrid LSTM-XGBoost
2025,2550,2669.640568993694,2311.000000000001,Hybrid LSTM-XGBoost
2025,2856,2864.6587769961025,2549.999999999999,Hybrid LSTM-XGBoost
2025,2195,3631.7930565636852,2855.9999999999995,Hybrid LSTM-XGBoost
2025,2272,2987.406078582564,2195.0,Hybrid LSTM-XGBoost
2025,2844,2886.339397205502,2271.999999999999,Hybrid LSTM-XGBoost
2025,2935,2947.077155867878,2844.0,Hybrid LSTM-XGBoost
2025,3480,2992.2465972698637,2934.999999999999,Hybrid LSTM-XGBoost
2025,4625,3612.131081733952,3480.000000000002,Hybrid LSTM-XGBoost
2025,4220,4725.032460874925,4625.000000000001,Hybrid LSTM-XGBoost
2025,3852,4372.095638411939,4219.999999999998,Hybrid LSTM-XGBoost
2025,4652,4121.848562448105,3852.0,Hybrid LSTM-XGBoost
2025,5290,4560.051660077883,4651.999999999999,Hybrid LSTM-XGBoost
2025,5591,5110.9273383261125,5289.999999999995,Hybrid LSTM-XGBoost
2025,6235,5483.829603386838,5591.000000000001,Hybrid LSTM-XGBoost
2025,6868,6365.390975858611,6235.000000000002,Hybrid LSTM-XGBoost
2025,6454,6490.553541456096,6868.000000000005,Hybrid LSTM-XGBoost
2025,5262,5440.530149946971,6454.000000000001,Hybrid LSTM-XGBoost
2025,4138,4408.309771544943,5262.000000000004,Hybrid LSTM-XGBoost
2025,3432,3207.925994170748,4137.999999999997,Hybrid LSTM-XGBoost
2025,2648,2339.297378837368,3431.9999999999977,Hybrid LSTM-XGBoost
2025,1314,1739.377468038148,2648.0,Hybrid LSTM-XGBoost
2025,771,983.8900502756186,1314.0000000000005,Hybrid LSTM-XGBoost
2026,560,496.642417083398,771.0000000000002,Hybrid LSTM-XGBoost
2026,316,390.06464004668277,559.9999999999998,Hybrid LSTM-XGBoost
2026,203,167.33536389270208,315.9999999999999,Hybrid LSTM-XGBoost
2026,179,142.05479944730487,202.99999999999994,Hybrid LSTM-XGBoost
2026,136,122.08190330894122,179.0,Hybrid LSTM-XGBoost
2026,108,110.43390545892386,136.00000000000003,Hybrid LSTM-XGBoost
2026,106,87.83855446396564,107.99999999999997,Hybrid LSTM-XGBoost
2026,123,115.68616701588996,105.99999999999996,Hybrid LSTM-XGBoost
2026,68,134.0584483389362,123.00000000000003,Hybrid LSTM-XGBoost
2026,71,80.17008313495103,68.00000000000001,Hybrid LSTM-XGBoost
2026,83,73.77662680957782,71.0,Hybrid LSTM-XGBoost
2026,49,79.04315853592395,82.99999999999999,Hybrid LSTM-XGBoost
2026,90,61.1143519645386,48.99999999999999,Hybrid LSTM-XGBoost
2026,147,94.19826308668968,89.99999999999997,Hybrid LSTM-XGBoost
2026,131,164.58262470693,146.99999999999994,Hybrid LSTM-XGBoost
2026,177,159.72937966122302,130.99999999999997,Hybrid LSTM-XGBoost
2026,155,234.5200197618852,176.99999999999997,Hybrid LSTM-XGBoost
2026,116,202.0053014463083,155.0,Hybrid LSTM-XGBoost
2026,169,173.06447546084436,116.00000000000003,Hybrid LSTM-XGBoost
2026,215,238.60177845661713,169.00000000000006,Hybrid LSTM-XGBoost
2026,167,290.23687254376716,215.00000000000006,Hybrid LSTM-XGBoost
2026,127,236.49442515739813,166.99999999999997,Hybrid LSTM-XGBoost
2026,514,177.22309450147515,126.99999999999997,Hybrid LSTM-XGBoost
2026,490,697.0232166944987,514.0000000000001,Hybrid LSTM-XGBoost
2026,699,617.7146783669544,489.9999999999999,Hybrid LSTM-XGBoost
2026,900,823.4016962363764,698.9999999999998,Hybrid LSTM-XGBoost
2026,1071,1054.8090855424998,899.9999999999998,Hybrid LSTM-XGBoost
2026,1452,1195.047636710322,1071.0,Hybrid LSTM-XGBoost
2026,2162,1889.1945280666032,1451.9999999999993,Hybrid LSTM-XGBoost
2026,2613,2527.728740323155,2161.999999999999,Hybrid LSTM-XGBoost
2026,3006,3048.384929153771,2612.9999999999995,Hybrid LSTM-XGBoost
2026,3241,4132.916529370891,3005.9999999999973,Hybrid LSTM-XGBoost
2026,4633,3739.2184277848974,3240.9999999999977,Hybrid LSTM-XGBoost
2026,4951,5366.232952100197,4633.000000000001,Hybrid LSTM-XGBoost
2026,5754,5696.4409036645475,4950.999999999997,Hybrid LSTM-XGBoost
2026,7907,6505.851448398522,5754.000000000002,Hybrid LSTM-XGBoost
2026,9247,8865.247630880158,7906.999999999996,Hybrid LSTM-XGBoost
2026,10135,10438.56037384122,9247.000000000005,Hybrid LSTM-XGBoost
2026,11722,11264.061591490705,10134.999999999998,Hybrid LSTM-XGBoost
